{
	"info": {
		"_postman_id": "6b44e6fd-4489-41c9-98b7-f3ca50635287",
		"name": "To-Do List",
		"description": "This is the collection for my To-Do List application. It includes all the possible API calls to PHP files with all the possible JSON input formats already in place. Some of them can be given less information, but full information is given regardless for testing. All User case scenarios should be already taken into consideration. This is the base directory considering the entire project folder to be in htdocs in xampp in the C drive: localhost/toDoListApp/todoListApp/API/",
		"schema": "https://schema.getpostman.com/json/collection/v2.1.0/collection.json",
		"_exporter_id": "28456664"
	},
	"item": [
		{
			"name": "Logout",
			"protocolProfileBehavior": {
				"disableBodyPruning": true
			},
			"request": {
				"method": "GET",
				"header": [],
				"body": {
					"mode": "raw",
					"raw": ""
				},
				"url": {
					"raw": "localhost/toDoListApp/todoListApp/API/userWithSettings/logout.php",
					"host": [
						"localhost"
					],
					"path": [
						"toDoListApp",
						"todoListApp",
						"API",
						"userWithSettings",
						"logout.php"
					]
				},
				"description": "This endpoint will logout the user. It will also remove access to any lists currently accessed. Many other points do not work if the user is not logged in. It does not require any input. It takes into consideration the case where the user is already logged in and always destroys the session."
			},
			"response": []
		},
		{
			"name": "Login",
			"protocolProfileBehavior": {
				"disableBodyPruning": true
			},
			"request": {
				"method": "GET",
				"header": [],
				"body": {
					"mode": "raw",
					"raw": "{\r\n    \"email\" : \"watewk@afta.com\",\r\n    \"password\" : \"5fjkafGG5\"\r\n}"
				},
				"url": {
					"raw": "localhost/toDoListApp/todoListApp/API/userWithSettings/login.php",
					"host": [
						"localhost"
					],
					"path": [
						"toDoListApp",
						"todoListApp",
						"API",
						"userWithSettings",
						"login.php"
					]
				},
				"description": "This endpoint takes an email and password as input. It returns an error if the required inputs are not sent in JSON (as all other requests) or if the user does not exist or if the password is incorrect. Otherwise, it returns a message JSON. It also mentions if the tutorial is complete or not for this user."
			},
			"response": []
		},
		{
			"name": "Password Reset",
			"request": {
				"method": "GET",
				"header": [],
				"url": {
					"raw": "localhost/toDoListApp/todoListApp/API/userWithSettings/login2.php?emailreset=&&passwordreset=",
					"host": [
						"localhost"
					],
					"path": [
						"toDoListApp",
						"todoListApp",
						"API",
						"userWithSettings",
						"login2.php"
					],
					"query": [
						{
							"key": "emailreset",
							"value": ""
						},
						{
							"key": null,
							"value": null
						},
						{
							"key": "passwordreset",
							"value": ""
						}
					]
				},
				"description": "This endpoint exists but is not supposed to be used in postman, it decrypts a url in a very specific way. It is used in the password reset link sent in the email to the user."
			},
			"response": []
		},
		{
			"name": "Signup",
			"request": {
				"method": "POST",
				"header": [],
				"body": {
					"mode": "raw",
					"raw": "{\r\n    \"email\" : \"watewk@afta.com\",\r\n    \"password\" : \"5fjkafGG5\",\r\n    \"fullName\" : \"Rami Hamawi\",\r\n    \"isTemporary\" : \"0\"\r\n}"
				},
				"url": {
					"raw": "localhost/toDoListApp/todoListApp/API/userWithSettings/signup.php",
					"host": [
						"localhost"
					],
					"path": [
						"toDoListApp",
						"todoListApp",
						"API",
						"userWithSettings",
						"signup.php"
					]
				},
				"description": "This endpoint allows a user to sign up. It takes an email, password, and fullName. the email, fullName and password need to be in specific formats or it will return an error message specifying the error. Otherwise, it returns a success message. This endpoint also checks if the account signing up is temporary or not, in which case a tutorial will be initiated."
			},
			"response": []
		},
		{
			"name": "Get Settings",
			"protocolProfileBehavior": {
				"disableBodyPruning": true
			},
			"request": {
				"method": "GET",
				"header": [],
				"body": {
					"mode": "raw",
					"raw": ""
				},
				"url": {
					"raw": "localhost/toDoListApp/todoListApp/API/userWithSettings/getSettings.php",
					"host": [
						"localhost"
					],
					"path": [
						"toDoListApp",
						"todoListApp",
						"API",
						"userWithSettings",
						"getSettings.php"
					]
				},
				"description": "This endpoint needs no input and simply returns the settings and available data of the logged in user. If no user is logged in, it returns an error message. To login or signup and use this endpoint, please use the respective endpoints for that first."
			},
			"response": []
		},
		{
			"name": "Delete Account",
			"request": {
				"method": "DELETE",
				"header": [],
				"body": {
					"mode": "raw",
					"raw": ""
				},
				"url": {
					"raw": "localhost/toDoListApp/todoListApp/API/userWithSettings/deleteAccount.php",
					"host": [
						"localhost"
					],
					"path": [
						"toDoListApp",
						"todoListApp",
						"API",
						"userWithSettings",
						"deleteAccount.php"
					]
				},
				"description": "This endpoint simply deletes a user's entire account. It also deletes their tables including their tasks, lists, and user table. Obviously, the session is also destroyed and it returns a success or error message accordingly. It does not work if the user is not logged in."
			},
			"response": []
		},
		{
			"name": "Update Settings",
			"request": {
				"method": "PUT",
				"header": [],
				"body": {
					"mode": "raw",
					"raw": "{\r\n    \"fullName\": \"Youssed Ahmad\",\r\n    \"emailDecision\": 0,\r\n    \"reminderTiming\": 13,\r\n    \"preferredList\": 134,\r\n    \"recycleBinDecision\": \"1\",\r\n    \"password\" : \"Youss1998\"\r\n}"
				},
				"url": {
					"raw": "localhost/toDoListApp/todoListApp/API/userWithSettings/updateSettings.php",
					"host": [
						"localhost"
					],
					"path": [
						"toDoListApp",
						"todoListApp",
						"API",
						"userWithSettings",
						"updateSettings.php"
					]
				},
				"description": "This endpoint takes all what is put in the body of the JSON in the example. The fullName can be changed based on the same constraints as before, email decision has to be a boolean, reminderTiming a positive integer and it signifies the number of minutes before which the user wishes to get a reminder email for an upcoming task, preferredList needs to be a positive integer as well and it has to belong to the user and cannot be the CompletedTasksList or recycleBin. It signifies the list that will always show up when a user logs in or goes back to the home page after deleting another list. recycleBinDecision is a positive int as well and takes numbers between 0 and 4, each of which decides whether the tasks in the recycle bin are deleted after 30 days, 15 days, 1 week, 6 months, or 1 year respectively. Password just takes a new password with the same constraints as the signup and login and updates it accordingly. Any of these inputs can be ignored and not submitted and the settings will still be updated as long as the user is logged in. Not all of them have to be put in. An error message will be communicated for every possible mistake in the input. A success message will be returned otherwise. Also, for the preferredList, it can be chosen after checking another endpoint to get all user lists."
			},
			"response": []
		},
		{
			"name": "Update Task",
			"request": {
				"method": "PUT",
				"header": [],
				"body": {
					"mode": "raw",
					"raw": "{\r\n    \"taskID\" : \"199\",\r\n    \"dateAssigned\" : \"2024-07-24 12:34:02\",\r\n    \"type\" : \"2\",\r\n    \"prio\" : \"3\",\r\n    \"taskText\" : \"do this please\"\r\n}"
				},
				"url": {
					"raw": "localhost/toDoListApp/todoListApp/API/Tasks/updateTask.php",
					"host": [
						"localhost"
					],
					"path": [
						"toDoListApp",
						"todoListApp",
						"API",
						"Tasks",
						"updateTask.php"
					]
				},
				"description": "The \"Update Task\" API endpoint allows the logged-in user to update a task's attributes within the current list. It's designed as a PUT request, expecting a JSON body. The only mandatory field is 'taskID'. The user session must be active; otherwise, an error message stating \"User not logged in\" is returned.\n\n**Optional Fields:**\n\n- `dateAssigned`: Must be a future date. Fails with \"Invalid value for dateAssigned\" if incorrect.\n- `Type`: Integer between 0 and 5, indicating repetition frequency. Fails with \"Invalid value for type\" if outside range.\n- `prio`: Integer between 1 and 5, indicating task priority. Fails with \"Invalid value for prio\" if outside range.\n- `taskText`: Non-empty string, representing the task description. Fails with \"Task text cannot be empty\" if incorrect.\n    \n\n**Constraints and Error Messages:**\n\n- If the session lacks a 'listID', the error message \"No list currently accessed\" is returned.\n- If the 'taskID' is invalid or does not belong to the current list, respective error messages \"Invalid taskID\" or \"Task not found\" are displayed.\n- Tasks in 'Recycle Bin' or 'CompletedTasksList' cannot be updated. An error message \"Cannot update tasks in recycleBin or CompletedTasksList\" is shown.\n    \n\nThe endpoint returns a success message or specific error messages based on validation. Similarly, the `updateTask` function within the `Tasks` class handles various validations and updates the task's fields, returning either a success message or specific error messages."
			},
			"response": []
		},
		{
			"name": "Complete Task",
			"request": {
				"method": "POST",
				"header": [],
				"body": {
					"mode": "raw",
					"raw": "{\r\n    \"taskID\" : \"182\"\r\n}"
				},
				"url": {
					"raw": "localhost/toDoListApp/todoListApp/API/Tasks/completeTask.php",
					"host": [
						"localhost"
					],
					"path": [
						"toDoListApp",
						"todoListApp",
						"API",
						"Tasks",
						"completeTask.php"
					]
				},
				"description": "The \"Complete Task\" endpoint is a POST request designed to mark a task as completed. To use this API, a user must be logged in, as verified by a session variable. Moreover, a task list should be currently accessed by the user. The task ID, a positive integer, must be sent in the JSON payload.\n\nUpon successful completion, the task is moved to a list named \"CompletedTasksList\" and the user earns one point. If the task is already in the \"Recycle Bin\" or \"CompletedTasksList,\" it's reverted to its original list, deducting a point if it was in the \"CompletedTasksList.\"\n\nThe API returns a JSON response with either 'success' or 'error' fields. Error messages can include:\n\n- 'User not logged in': If the user isn't authenticated.\n    \n- 'Invalid taskID': For non-integer or non-positive task IDs.\n    \n- 'No list currently accessed': If the user hasn't accessed any list.\n    \n- 'The specified list does not belong to this user': For unauthorized list access.\n    \n- 'The specified task does not belong to this list': When a task doesn't belong to the accessed list.\n    \n\nThe API also contains several security and validation features, such as session-based authentication and data sanitization, to ensure safe and authorized operations."
			},
			"response": []
		},
		{
			"name": "Create Single Task",
			"request": {
				"method": "POST",
				"header": [],
				"body": {
					"mode": "raw",
					"raw": "{\r\n    \"dateAssigned\" : \"2024-08-07 16:45:02\",\r\n    \"type\" : \"3\",\r\n    \"prio\" : \"0\",\r\n    \"taskText\" : \"do this please\"\r\n}"
				},
				"url": {
					"raw": "localhost/toDoListApp/todoListApp/API/Tasks/createSingleTask.php",
					"host": [
						"localhost"
					],
					"path": [
						"toDoListApp",
						"todoListApp",
						"API",
						"Tasks",
						"createSingleTask.php"
					]
				},
				"description": "The \"Create Single Task\" endpoint is a POST request for creating a new task within a specific list. The user must be authenticated, validated via a session variable. It expects a JSON payload containing `taskText` and `dateAssigned`, with optional `type` and `prio` fields.\n\nUpon the request, various checks are performed:\n\n1. Authentication: Users not logged in receive a 'User not logged in' error.\n    \n2. Session Activity: Updates the `last_activity` session variable.\n    \n3. List Access: Confirms a list is currently accessed by the user. An 'list is not currently accessed' error is returned otherwise.\n    \n4. Required Fields: Checks for `taskText` and `dateAssigned`. An error is returned if any are missing.\n    \n\nThe endpoint then proceeds to validate the task details:\n\n- `taskText` cannot be empty or contain only spaces.\n    \n- `type` should be an integer between 0 and 5.\n    \n- `prio` should be an integer between 1 and 5.\n    \n- `dateAssigned` must be a future date.\n    \n\nIf the list name is either 'recycleBin' or 'CompletedTasksList', an error is returned, disallowing task creation in these lists. Additionally, the list must belong to the user, or a 'The specified list does not belong to this user' error is given.\n\nOn successful validation, the task is created in the database, returning a 'success' message. Otherwise, an 'error' field is returned with a detailed message.\n\nThe backend function `createSingleTask` handles the database operation. It performs similar validations and either inserts the task into the database or returns an error.\n\nSecurity features include session-based authentication and prepared SQL statements to mitigate SQL injection risks."
			},
			"response": []
		},
		{
			"name": "Get Single Task",
			"protocolProfileBehavior": {
				"disableBodyPruning": true
			},
			"request": {
				"method": "GET",
				"header": [],
				"body": {
					"mode": "raw",
					"raw": "{\r\n    \"taskID\" : \"303\"\r\n}"
				},
				"url": {
					"raw": "localhost/toDoListApp/todoListApp/API/Tasks/getSingleTask.php",
					"host": [
						"localhost"
					],
					"path": [
						"toDoListApp",
						"todoListApp",
						"API",
						"Tasks",
						"getSingleTask.php"
					]
				},
				"description": "The \"Get Single Task\" API endpoint allows retrieval of details for a specific task. It's a GET or PUT request that mandates user authentication, verified via a session variable. This endpoint also expects the user to have accessed a list, as indicated by a session-stored `list_id`.\n\nOn initiating the request, the following validations occur:\n\n1. Authentication: Users not logged in receive a 'User not logged in' error.\n    \n2. Session Activity: The API updates the `last_activity` session variable to keep track of user activity.\n    \n3. List ID: Confirms that a list is being accessed by the user. If not, a 'No list currently accessed' error is returned.\n    \n4. Task ID: Validates that the task ID provided in the JSON payload is a positive integer. Invalid inputs return an 'Invalid taskID' error.\n    \n\nAfter these validations, the API checks if the task belongs to the currently accessed list. If not, an error message 'The specified task does not belong to this list or does not exist' is returned.\n\nIf all validations pass, the API fetches the task details using the `getSingleTask` function, which queries the database. The result is returned as a JSON object. If task details can't be retrieved, an 'error' field is returned with a message 'Failed to get task details.'\n\nSecurity measures include session-based authentication and the use of prepared SQL statements to prevent SQL injection. The API also sets appropriate CORS headers to manage cross-origin requests safely."
			},
			"response": []
		},
		{
			"name": "Get List Tasks",
			"protocolProfileBehavior": {
				"disableBodyPruning": true
			},
			"request": {
				"method": "GET",
				"header": [],
				"body": {
					"mode": "raw",
					"raw": ""
				},
				"url": {
					"raw": "localhost/toDoListApp/todoListApp/API/Tasks/getListTasks.php",
					"host": [
						"localhost"
					],
					"path": [
						"toDoListApp",
						"todoListApp",
						"API",
						"Tasks",
						"getListTasks.php"
					]
				},
				"description": "The \"Get List Tasks\" endpoint is a GET request designed to retrieve all tasks associated with a list currently being accessed by the user. To use this API, the user must be logged in, as verified by a session variable. Additionally, a task list must be currently accessed by the user and stored in the session.\n\nUpon successful retrieval, the API returns a JSON-encoded array of all tasks belonging to the list in question. If no tasks are found, a message stating 'No tasks found for the list' will be returned.\n\n#### Error Responses:\n\nThe API returns a JSON response with an 'error' or 'message' field, where applicable. Error messages can include:\n\n- **'User not logged in'**: If the user isn't authenticated.\n    \n- **'Invalid listID'**: For non-integer or non-positive list IDs.\n    \n- **'No list currently accessed'**: If the user hasn't accessed any list.\n    \n- **'The specified list does not belong to this user'**: For unauthorized list access.\n    \n\n#### Security and Validation Features:\n\n- **Session-Based Authentication**: The API uses PHP sessions to determine if a user is authenticated, offering a secure and personalized user experience.\n    \n- **Data Sanitization**: The use of prepared statements for database queries to prevent SQL injection.\n    \n- **CORS Headers**: To manage cross-origin requests. However, note that the current setting allows any origin (`\\*`), which might need to be further restricted based on deployment requirements."
			},
			"response": []
		},
		{
			"name": "Delete Task",
			"request": {
				"method": "DELETE",
				"header": [],
				"body": {
					"mode": "raw",
					"raw": "{\r\n    \"taskID\" : \"151\"\r\n}"
				},
				"url": {
					"raw": "localhost/toDoListApp/todoListApp/API/Tasks/deleteTask.php",
					"host": [
						"localhost"
					],
					"path": [
						"toDoListApp",
						"todoListApp",
						"API",
						"Tasks",
						"deleteTask.php"
					]
				},
				"description": "The \"Delete Task\" endpoint allows a user to delete a task from a list they own. The API uses a DELETE request and requires the user to be authenticated via a session variable. A task ID, a positive integer, must be sent in the JSON payload to specify which task to delete.\n\nUpon successful deletion, the API returns a JSON response with a 'success' field stating 'Task deleted successfully.' If the task is in special lists like 'recycleBin' or 'CompletedTasksList,' it will be permanently deleted; otherwise, it will be moved to the 'recycleBin.'\n\n#### Error Responses:\n\n- **'User not logged in'**: The user isn't authenticated.\n    \n- **'Invalid taskID'**: Task ID must be a positive integer.\n    \n- **'No list currently accessed'**: User hasn't accessed any list.\n    \n- **'The specified list does not belong to this user'**: Unauthorized list access.\n    \n- **'The specified task does not belong to this list'**: Task doesn't belong to the list.\n    \n\n#### Security Features:\n\n- **Session-Based Authentication**: Verifies if a user is logged in.\n    \n- **Data Sanitization**: Uses prepared statements to prevent SQL injection.\n    \n\nThis API is secured by session-based authentication and employs data sanitization techniques for additional safety."
			},
			"response": []
		},
		{
			"name": "Access List",
			"protocolProfileBehavior": {
				"disableBodyPruning": true
			},
			"request": {
				"method": "GET",
				"header": [],
				"body": {
					"mode": "raw",
					"raw": "{\r\n    \"listID\" : \"134\"\r\n}"
				},
				"url": {
					"raw": "localhost/toDoListApp/todoListApp/API/Lists/accessList.php",
					"host": [
						"localhost"
					],
					"path": [
						"toDoListApp",
						"todoListApp",
						"API",
						"Lists",
						"accessList.php"
					]
				},
				"description": "The \"Access List\" endpoint allows a user to set their currently accessed list based on a given list ID. Both GET and POST methods are supported. To use this API, the user must be authenticated via a session variable. The list ID, an integer, should be sent in the JSON payload.\n\nUpon successful list selection, the session variable `list_id` is set to the provided list ID, and a JSON response is returned, stating 'List accessed successfully.'\n\n#### Error Responses:\n\n- **'User not logged in'**: The user is not authenticated.\n    \n- **'Invalid List ID. It should be an integer'**: The list ID is either not provided or invalid.\n    \n- **'List not found for this User'**: The list does not exist for the authenticated user.\n    \n\n#### Security Features:\n\n- **Session-Based Authentication**: Checks for an active session to authenticate the user.\n    \n- **Data Sanitization**: Validates and sanitizes incoming data to avoid security risks.\n    \n\nThe API ensures safe and authorized list access through session-based authentication and data sanitization."
			},
			"response": []
		},
		{
			"name": "Create List",
			"request": {
				"method": "POST",
				"header": [],
				"body": {
					"mode": "raw",
					"raw": "{\r\n    \"listName\" : \"rescycleBfin\",\r\n    \"sortingPref\" : \"1\"\r\n}"
				},
				"url": {
					"raw": "localhost/toDoListApp/todoListApp/API/Lists/createList.php",
					"host": [
						"localhost"
					],
					"path": [
						"toDoListApp",
						"todoListApp",
						"API",
						"Lists",
						"createList.php"
					]
				},
				"description": "The \"Create List\" endpoint allows authenticated users to create a new list with an optional sorting preference. The API requires a POST request containing the list name in the JSON payload. The optional `sortingPref` parameter accepts `null`, `0`, or `1`. The 0 is for time and 1 is for priority.\n\nUpon successful creation, the API returns a JSON response indicating 'List created successfully.' and sets the `list_id` session variable to the new list ID.\n\n#### Error Responses:\n\n- **'User not logged in'**: User authentication failed due to the absence of a session variable.\n    \n- **'listName is required'**: The `listName` field is missing in the payload.\n    \n- **'Invalid value for sortingPref. It should be null, 0, or 1'**: Sorting preference is set to an invalid value.\n    \n- **'List name cannot be empty or just spaces'**: Empty or whitespace-only list names are not allowed.\n    \n- **'Failed to create list'**: Database operation to create the list failed.\n    \n\n#### Security Features:\n\n- **Session-Based Authentication**: Validates user session for secure access.\n    \n- **Data Sanitization**: The API sanitizes and validates incoming data to mitigate security risks.\n    \n\nThe API combines data validation, session-based authentication, and error handling to ensure secure and accurate list creation."
			},
			"response": []
		},
		{
			"name": "Delete List",
			"request": {
				"method": "DELETE",
				"header": [],
				"body": {
					"mode": "raw",
					"raw": ""
				},
				"url": {
					"raw": "localhost/toDoListApp/todoListApp/API/Lists/deleteList.php",
					"host": [
						"localhost"
					],
					"path": [
						"toDoListApp",
						"todoListApp",
						"API",
						"Lists",
						"deleteList.php"
					]
				},
				"description": "The \"Delete List\" endpoint allows authenticated users to delete a list that they currently have accessed (i.e., the list ID is stored in the session). It performs various checks to ensure the list can be deleted and updates the user's preferred list if necessary.\n\n#### Error Responses:\n\n- **'User not logged in'**: If there's no `user_id` in the session, the API returns this message.\n    \n- **'No list currently accessed'**: Returns this message if there's no `list_id` in the session.\n    \n- **'The specified list does not belong to this user'**: The API checks if the list exists for the user.\n    \n- **'Invalid value for list. It cannot refer to the lists \"CompletedTasksList\" or \"recycleBin\"'**: Some lists are reserved and cannot be deleted.\n    \n- **'Cannot delete the only list of the user (excluding \"recycleBin\" and \"CompletedTasksList\")'**: If the user has only one custom list, it cannot be deleted.\n    \n- **'Failed to delete list'**: If the database operation to delete the list fails, this message is returned.\n    \n\n#### Success Responses:\n\n- **'List deleted successfully'**: Indicates that the list and its associated tasks have been deleted successfully.\n    \n\n#### Security Features:\n\n- **Session-Based Authentication**: User authentication is based on the session, ensuring that only authorized users can perform the operation.\n    \n- **Data Integrity**: Transactions are used to ensure that if any part of the delete operation fails, none of the changes are committed to the database.\n    \n\n#### Flow:\n\n1. **User Authentication**: First, it checks if the user is logged in.\n    \n2. **List Selection**: It checks if a list is currently accessed by the user.\n    \n3. **List Validation**: Various conditions are checked, such as if the list exists for the user and is not one of the forbidden names like 'recycleBin' or 'CompletedTasksList'.\n    \n4. **Backup Plan**: If the list being deleted is the user's preferred list, another one is chosen.\n    \n5. **Transaction-based Deletion**: Tasks associated with the list and the list itself are deleted in a database transaction to ensure data integrity.\n    \n\nThe API combines data integrity, user validation, and session management to securely delete lists."
			},
			"response": []
		},
		{
			"name": "Get All User Lists",
			"protocolProfileBehavior": {
				"disableBodyPruning": true
			},
			"request": {
				"method": "GET",
				"header": [],
				"body": {
					"mode": "raw",
					"raw": ""
				},
				"url": {
					"raw": "localhost/toDoListApp/todoListApp/API/Lists/getAllUserLists.php",
					"host": [
						"localhost"
					],
					"path": [
						"toDoListApp",
						"todoListApp",
						"API",
						"Lists",
						"getAllUserLists.php"
					]
				},
				"description": "This endpoint retrieves all lists belonging to a logged-in user and returns them as a JSON array. If the user is not logged in, an error message is sent back. Additionally, if the user has no lists, another error message is displayed.\n\n#### Error Responses:\n\n- **'User not logged in'**: The API checks if there's a `user_id` in the session and returns this message if it's absent.\n    \n- **'No lists found for the user'**: If the user has no lists, this error is returned.\n    \n\n#### Success Response:\n\n- Returns a JSON-encoded array of all the lists belonging to the user, including `listID`, `listName`, and `sortingPref`.\n    \n\n#### Security:\n\n- **Session-Based Authentication**: This ensures that only authorized users can retrieve their lists.\n    \n\nThe PHP code uses the session to identify the user and then calls the `getAllUserLists` function to fetch all lists for that user. The results are then JSON-encoded and returned to the client. The function itself performs a simple SQL query to fetch lists associated with the provided `user_id`, adding them to an array that's then returned."
			},
			"response": []
		},
		{
			"name": "Update List",
			"request": {
				"method": "PUT",
				"header": [],
				"body": {
					"mode": "raw",
					"raw": "{\r\n    \"listName\" : \"Kaftab11\",\r\n    \"sortingPref\" : \"0\"\r\n}"
				},
				"url": {
					"raw": "localhost/toDoListApp/todoListApp/API/Lists/updateList.php",
					"host": [
						"localhost"
					],
					"path": [
						"toDoListApp",
						"todoListApp",
						"API",
						"Lists",
						"updateList.php"
					]
				},
				"description": "This endpoint updates the details of a list belonging to a logged-in user, including the list name and sorting preference.\n\n#### Error Responses:\n\n- **'User not logged in'**: Returned if the user is not logged in.\n    \n- **'No list currently accessed'**: Sent if the list ID is not set in the session.\n    \n- **'Invalid listID'**: Triggered when the list ID is not a valid integer.\n    \n- **'List name cannot be empty or just spaces'**: Error when an invalid or empty list name is provided.\n    \n- **'Invalid value for sortingPref'**: Sorting preference must be either 0 or 1.\n    \n- **'No valid fields to update'**: Triggered when no fields have been provided to update.\n    \n\n#### Success Response:\n\n- Returns a JSON object indicating success, i.e., `{'success': 'List updated successfully.'}`\n    \n\n#### Security:\n\n- **Session-Based Authentication**: Ensures that only the user who owns the list can update it.\n    \n\nThe endpoint fetches the user and list IDs from the session and validates them. It then gets and validates the new list name and sorting preference from the request body. These validated fields are then passed to the `updateList()` function, which updates the database record for the list. The function itself constructs an SQL query dynamically based on the fields to be updated and performs the update using a prepared statement."
			},
			"response": []
		},
		{
			"name": "Get Article",
			"protocolProfileBehavior": {
				"disableBodyPruning": true
			},
			"request": {
				"method": "GET",
				"header": [],
				"body": {
					"mode": "raw",
					"raw": ""
				},
				"url": {
					"raw": "localhost/toDoListApp/todoListApp/API/Articles/getArticle.php",
					"host": [
						"localhost"
					],
					"path": [
						"toDoListApp",
						"todoListApp",
						"API",
						"Articles",
						"getArticle.php"
					]
				},
				"description": "This endpoint fetches and returns an article to the logged-in user based on their points.\n\n#### Error Responses:\n\n- **'User not logged in'**: Triggered if the user is not logged in.\n    \n- **'Failed to read the article'**: Sent if reading the article file fails.\n    \n\n#### Success Response:\n\n- Returns a JSON object with two keys: `'article'`, which contains the article content, and `'userPoints'`, which indicates the user's points.\n    \n\n#### Security:\n\n- **Session-Based Authentication**: Ensures that only logged-in users can access the endpoint.\n    \n\nThe endpoint first checks if the user is logged in and retrieves their user ID from the session. It then instantiates the `Articles` class and uses it to retrieve the user's points. Based on the user's points, the system determines which article to return. It reads the article from a specified directory and sends it back to the client as a JSON object, along with the user's points.\n\n#### Article File Selection Logic:\n\n- `userPoints < 10`: `article1.txt`\n    \n- `10 <= userPoints < 20`: `article2.txt`\n    \n- `20 <= userPoints < 30`: `article3.txt`\n    \n- `30 <= userPoints < 40`: `article4.txt`\n    \n- `40 <= userPoints < 50`: `article5.txt`\n    \n- `50 <= userPoints < 60`: `article6.txt`\n    \n- `60 <= userPoints < 70`: `article7.txt`\n    \n- `70 <= userPoints < 80`: `article8.txt`\n    \n- `80 <= userPoints < 90`: `article9.txt`\n    \n- `90 <= userPoints`: `article10.txt`\n    \n\n#### Supporting Class:\n\nThe `Articles` class includes a `getUserPoints()` method, which returns the points of a user by querying the database. It also has a private method `userExists()` to check if a user exists in the database."
			},
			"response": []
		},
		{
			"name": "Session Timeout",
			"request": {
				"method": "GET",
				"header": [],
				"url": {
					"raw": "localhost/toDoListApp/todoListApp/API/sessionTimeout.php",
					"host": [
						"localhost"
					],
					"path": [
						"toDoListApp",
						"todoListApp",
						"API",
						"sessionTimeout.php"
					]
				},
				"description": "This endpoint checks if a user session is active or has timed out. To utilize this API, a user must already be logged in, as verified by a session variable. The last activity time of the session is also checked against a predefined maximum idle time to determine if the session has timed out.\n\n#### Success Responses:\n\n- **'Session active'**: Sent when the user session is active and has not yet timed out.\n    \n\n#### Error Responses:\n\n- **'User not logged in'**: Sent if the user isn't authenticated.\n    \n- **'Session timed out. User logged out.'**: Sent when the session has been inactive for too long, triggering an automatic logout.\n    \n\n#### Security:\n\n- **Session-Based Authentication**: This endpoint ensures only logged-in users can access it.\n    \n- **Session Timeout**: It includes a session timeout feature where a session will automatically be destroyed and the user logged out if they have been inactive for more than a set time limit (default 600 seconds or 10 minutes).\n    \n\n#### Session Timeout Logic:\n\n1. The last activity time is fetched from the session variable `last_activity`.\n    \n2. The current time is subtracted from the last activity time.\n    \n3. The difference is compared with the maximum allowed idle time (default 600 seconds).\n    \n4. If the session is timed out, the session variables are unset and the session is destroyed.\n    \n\nThis API contains several security and validation features, such as session-based authentication and session timeout, to ensure safe and authorized operations."
			},
			"response": []
		},
		{
			"name": "Delete Expired Task",
			"request": {
				"method": "DELETE",
				"header": [],
				"url": {
					"raw": "localhost/toDoListApp/todoListApp/API/deleteExpiredTask.php",
					"host": [
						"localhost"
					],
					"path": [
						"toDoListApp",
						"todoListApp",
						"API",
						"deleteExpiredTask.php"
					]
				},
				"description": "This API endpoint is designed to permanently remove tasks that have been in the user's recycle bin beyond a specified time threshold. The API checks whether the user is logged in and fetches the user's `recycleBinDecision` setting to determine the time threshold for deleting tasks.\n\n#### Success Responses:\n\n- **'Expired tasks in the recycle bin deleted successfully.'**: Sent when one or more tasks have been successfully removed.\n    \n\n#### Error Responses:\n\n- **'User not logged in'**: Sent if the user isn't authenticated.\n    \n- **'Invalid value for recycleBinDecision'**: Sent if the `recycleBinDecision` setting has an invalid value.\n    \n- **'Recycle bin not found.'**: Sent when the recycle bin list could not be found.\n    \n- **'No expired tasks found in the recycle bin.'**: Sent when no tasks meet the criteria for deletion.\n    \n\n#### Logic Explained:\n\n1. `recycleBinDecision` is retrieved for the user, dictating the time thresholds for task deletion (ranging from 7 to 360 days).\n    \n2. All tasks in the user's recycle bin are looped through.\n    \n3. For each task, its 'dateAssigned' is compared to the current timestamp.\n    \n4. Tasks exceeding the time threshold are deleted permanently.\n    \n\n#### Security:\n\n- **Session-Based Authentication**: Validates that the user is logged in.\n    \n\nThis API includes several security features such as session-based authentication and input validation for `recycleBinDecision` to ensure authorized and accurate operations."
			},
			"response": []
		},
		{
			"name": "Update Repeating Tasks",
			"request": {
				"method": "PUT",
				"header": [],
				"url": {
					"raw": "localhost/toDoListApp/todoListApp/API/updateTaskRepeating.php",
					"host": [
						"localhost"
					],
					"path": [
						"toDoListApp",
						"todoListApp",
						"API",
						"updateTaskRepeating.php"
					]
				},
				"description": "This API endpoint is responsible for updating tasks that are set to repeat based on user-defined frequencies like daily, weekly, monthly, etc. It verifies if the user is logged in and proceeds to update tasks according to their repeat settings.\n\n#### Success Responses:\n\n- **'Repeating tasks updated successfully.'**: Returned when one or more tasks have been updated.\n    \n\n#### Error Responses:\n\n- **'User not logged in'**: Indicates the user is not authenticated.\n    \n- **'No repeating tasks were updated.'**: When no tasks meet the criteria for an update.\n    \n\n#### Logic Explained:\n\n1. Retrieves all tasks from the user's \"CompletedTasksList.\"\n    \n2. Loops through each task to determine its repeating type (`type`).\n    \n3. Calculates the next due date based on the `type` and updates it.\n    \n4. Moves the task back to the original list with the new date.\n    \n5. If the next due date is in the past, the task is removed from \"CompletedTasksList.\"\n    \n\n#### Task Types:\n\n- **Type 1**: Repeat daily\n    \n- **Type 2**: Repeat on weekdays\n    \n- **Type 3**: Repeat weekly\n    \n- **Type 4**: Repeat monthly\n    \n- **Type 5**: Repeat yearly\n    \n\n#### Security:\n\n- **Session-Based Authentication**: Ensures the user is authenticated before making any updates.\n    \n\nThis endpoint incorporates features like session-based authentication and precise date calculations for safe and accurate task updates."
			},
			"response": []
		},
		{
			"name": "Send Email",
			"request": {
				"method": "GET",
				"header": [],
				"url": {
					"raw": "localhost/toDoListApp/todoListApp/API/sendEmail.php",
					"host": [
						"localhost"
					],
					"path": [
						"toDoListApp",
						"todoListApp",
						"API",
						"sendEmail.php"
					]
				},
				"description": "This API endpoint is designed to send email reminders for tasks that are due soon. It first checks if the user is authenticated and if email reminders are enabled for the user.\n\n#### Success Responses:\n\n- **'Emails sent successfully.'**: Indicates that one or more email reminders were sent successfully.\n    \n\n#### Error Responses:\n\n- **'User not logged in'**: The user is not authenticated.\n    \n- **'User not found or emailDecision/reminderTiming not set.'**: Invalid user or settings.\n    \n- **'Emails are disabled for this user.'**: No emails will be sent for this user.\n    \n- **'No reminders were sent for any tasks.'**: No tasks met the criteria for sending a reminder.\n    \n\n#### Logic Explained:\n\n1. Retrieves the user's `emailDecision` and `reminderTiming` settings from the database.\n    \n2. If `emailDecision` is zero, it returns immediately indicating that email reminders are disabled.\n    \n3. Retrieves all tasks that are not in the \"recycleBin\" or \"CompletedTasksList\".\n    \n4. Calculates which tasks require a reminder based on their assigned date and the user's `reminderTiming`.\n    \n5. Sends emails for each task that needs a reminder.\n    \n\n#### Security:\n\n- **Session-Based Authentication**: Ensures the user is authenticated before sending any emails.\n    \n\nThis endpoint is crucial for reminding users of their upcoming tasks through emails, based on user-specific settings and task due dates. It employs a well-structured process to determine the tasks for which reminders need to be sent."
			},
			"response": []
		},
		{
			"name": "Forgot Password",
			"protocolProfileBehavior": {
				"disableBodyPruning": true
			},
			"request": {
				"method": "GET",
				"header": [],
				"body": {
					"mode": "raw",
					"raw": "{\r\n    \"email\" : \"youssef@hotmail.com\"\r\n}"
				},
				"url": {
					"raw": "localhost/toDoListApp/todoListApp/API/userWithSettings/forgotPassword.php",
					"host": [
						"localhost"
					],
					"path": [
						"toDoListApp",
						"todoListApp",
						"API",
						"userWithSettings",
						"forgotPassword.php"
					]
				},
				"description": "This API endpoint handles the \"forgot password\" functionality by sending a password reset link to the user's email.\n\n#### Success Responses:\n\n- **'Password reset email sent.'**: Indicates that the password reset email was sent successfully.\n    \n\n#### Error Responses:\n\n- **'Email is required!'**: The email field was empty.\n    \n- **'User with this email does not exist.'**: The email doesn't match any user.\n    \n- **'Failed to store reset token in the database.'**: Couldn't store the reset token.\n    \n- **'Failed to send the password reset email.'**: The email could not be sent.\n    \n\n#### Logic Explained:\n\n1. **Authentication**: Checks if the user is already logged in. If yes, the session is destroyed.\n    \n2. **Data Input**: Retrieves the email from the client's request.\n    \n3. **Email Validation**: Validates if the email exists in the database.\n    \n4. **Token Generation**: Creates a unique token for password reset.\n    \n5. **Database Insert**: Inserts the email, token, and expiration time into a dedicated table.\n    \n6. **Email Encryption**: Encrypts the email and token for secure transmission.\n    \n7. **Email Composition**: Constructs the email body with a password reset link.\n    \n8. **Email Sending**: Sends the email using PHPMailer.\n    \n\n#### Security:\n\n- **Session-based Logout**: If the user is logged in, their session is destroyed.\n    \n- **Data Encryption**: Uses OpenSSL to encrypt sensitive data.\n    \n- **SQL Prepared Statements**: Prevents SQL injection.\n    \n\nThis endpoint serves as a robust solution for users who have forgotten their password, combining user validation, token generation, data encryption, and email functionalities."
			},
			"response": []
		},
		{
			"name": "Is logged in",
			"request": {
				"method": "GET",
				"header": [],
				"url": {
					"raw": "localhost/toDoListApp/todoListApp/API/userWithSettings/isloggedin.php",
					"host": [
						"localhost"
					],
					"path": [
						"toDoListApp",
						"todoListApp",
						"API",
						"userWithSettings",
						"isloggedin.php"
					]
				},
				"description": "This API endpoint checks the login status of a user by examining the session variable.\n\n#### Success Responses:\n\n- **'Logged in.'**: Indicates that the user is currently logged in.\n    \n\n#### Error Responses:\n\n- **'User not logged in.'**: The user is not logged in, and the session is destroyed.\n    \n\n#### Logic Explained:\n\n1. **Session Start**: Initiates a session to access session variables.\n    \n2. **User Check**: Checks if the `user_id` session variable is set.\n    \n3. **Response**: If the user is logged in, returns a success message; otherwise, returns an error message and destroys the session."
			},
			"response": []
		},
		{
			"name": "Get One List",
			"protocolProfileBehavior": {
				"disableBodyPruning": true
			},
			"request": {
				"method": "GET",
				"header": [],
				"body": {
					"mode": "raw",
					"raw": ""
				},
				"url": {
					"raw": "localhost/toDoListApp/todoListApp/API/Lists/getOneList.php",
					"host": [
						"localhost"
					],
					"path": [
						"toDoListApp",
						"todoListApp",
						"API",
						"Lists",
						"getOneList.php"
					]
				},
				"description": "This API endpoint retrieves a specific list for a logged-in user, identified by the list ID stored in the session.\n\n#### Success Response:\n\n- Returns the specific list details (list ID, list name, sorting preference).\n    \n\n#### Error Responses:\n\n- **'User not logged in.'**: The user is not logged in.\n    \n- **'Invalid List ID. It should be an integer.'**: List ID is not valid.\n    \n- **'List not found for this User.'**: The specified list doesn't belong to the user.\n    \n\n#### Logic Explained:\n\n1. **Session Start**: Begins a new session or resumes the current session.\n    \n2. **User Check**: Checks if the user is logged in by looking for `user_id` in the session. If not, exits with an error.\n    \n3. **Last Activity Update**: Updates `last_activity` timestamp in the session.\n    \n4. **List ID Check**: Validates that the list ID in the session is an integer and belongs to the user.\n    \n5. **Fetch List**: Calls the `getOneList()` method to get details of the list with the given ID.\n    \n\n#### Security:\n\n- **Session-based Authentication**: Relies on PHP session to validate user identity.\n    \n- **Input Validation**: Validates the list ID and ensures it belongs to the authenticated user.\n    \n\nThe endpoint serves to provide details of a specific list for front-end rendering or further API calls."
			},
			"response": []
		},
		{
			"name": "Confirm Password",
			"protocolProfileBehavior": {
				"disableBodyPruning": true
			},
			"request": {
				"method": "GET",
				"header": [],
				"body": {
					"mode": "raw",
					"raw": "{\r\n    \"password\" : \"Lo7uy)^V\"\r\n}"
				},
				"url": {
					"raw": "localhost/toDoListApp/todoListApp/API/userWithSettings/confirmPass.php",
					"host": [
						"localhost"
					],
					"path": [
						"toDoListApp",
						"todoListApp",
						"API",
						"userWithSettings",
						"confirmPass.php"
					]
				},
				"description": "This API endpoint allows a logged-in user to confirm their password, possibly for sensitive actions like changing account settings.\n\n#### Success Response:\n\n- **'You have successfully confirmed the password.'**: Confirmation was successful.\n    \n\n#### Error Responses:\n\n- **'User not logged in.'**: The user is not logged in.\n    \n- **'Password is required.'**: Password field is missing or empty.\n    \n- **'User not found.'**: The specified user ID does not exist.\n    \n- **'Incorrect old password.'**: The provided password is incorrect.\n    \n\n#### Logic Explained:\n\n1. **Session Start**: Begins a new session or resumes the current one.\n    \n2. **User Check**: Checks if the user is logged in by looking for `user_id` in the session. If not, exits with an error.\n    \n3. **Last Activity Update**: Updates `last_activity` timestamp in the session.\n    \n4. **Data Parsing**: Parses incoming raw JSON data into a PHP object.\n    \n5. **Validation**: Checks if the password is provided and not empty.\n    \n6. **Confirmation**: Calls the `confirm()` method, which confirms the password against the stored hash for the given user ID.\n    \n\n#### Security:\n\n- **Session-based Authentication**: Validates the user through PHP sessions.\n    \n- **Input Validation**: Validates the incoming password.\n    \n- **Password Hashing**: Uses PHP's `password_verify` to securely confirm the password.\n    \n\nThis endpoint is crucial for security-sensitive operations where the user needs to re-confirm their identity by providing their password."
			},
			"response": []
		},
		{
			"name": "Complete Tutorial",
			"request": {
				"method": "GET",
				"header": [],
				"url": {
					"raw": "localhost/toDoListApp/todoListApp/API/userWithSettings/completeTutorial.php",
					"host": [
						"localhost"
					],
					"path": [
						"toDoListApp",
						"todoListApp",
						"API",
						"userWithSettings",
						"completeTutorial.php"
					]
				},
				"description": "This API endpoint toggles the tutorial completion status for a logged-in user.\n\n#### Success Response:\n\n- **'Tutorial status toggled.'**: Successfully toggles the tutorial completion status and indicates the new status (\"completed\" or \"incomplete\").\n    \n\n#### Error Responses:\n\n- **'User is not logged in.'**: The user is not currently logged in.\n    \n- **'Failed to toggle tutorial status.'**: Failed to update the tutorial completion status in the database.\n    \n\n#### Logic Explained:\n\n1. **Session Start**: Initializes a new session or resumes an existing one.\n    \n2. **User Check**: Checks if the user is logged in by looking for `user_id` in the session. If not, it exits with an error.\n    \n3. **Toggle Tutorial Status**: Calls the `completeTutorial()` method, which toggles the user's tutorial completion status in the database.\n    \n4. **Status Update**: Sends a JSON response based on whether the operation was successful, and provides the new tutorial completion status.\n    \n\n#### Security:\n\n- **Session-based Authentication**: Validates the user through PHP sessions.\n    \n- **Database Prepared Statements**: Uses prepared statements to prevent SQL injection.\n    \n\nThis endpoint is useful for features like onboarding tutorials, where you'd want to track whether a user has completed the tutorial or not. By toggling the status, you can decide whether to show the tutorial to the user in future sessions."
			},
			"response": []
		},
		{
			"name": "Last Created Task",
			"request": {
				"method": "GET",
				"header": [],
				"url": {
					"raw": "localhost/toDoListApp/todoListApp/API/Tasks/getLastCreatedTask.php",
					"host": [
						"localhost"
					],
					"path": [
						"toDoListApp",
						"todoListApp",
						"API",
						"Tasks",
						"getLastCreatedTask.php"
					]
				},
				"description": "This API endpoint fetches the last created task within a particular list for a logged-in user.\n\n#### Success Response:\n\n- **'success: true' and 'task': task details**: Successfully fetches the details of the last created task for a given list.\n    \n\n#### Error Responses:\n\n- **'User not logged in.'**: Indicates that the user is not currently logged in.\n    \n- **'No list currently accessed.'**: No list ID is provided in the session.\n    \n- **'List does not belong to the user or does not exist.'**: The list ID does not belong to the logged-in user or doesn't exist.\n    \n- **'Failed to get last created task.'**: Unable to fetch the last created task for a given list.\n    \n\n#### Logic Explained:\n\n1. **Session Start**: Initializes a new session or resumes the existing one.\n    \n2. **User Check**: Checks if the user is logged in by looking for `user_id` in the session. If not, exits with an error.\n    \n3. **List Check**: Validates the `list_id` from the session. If not valid or not set, it exits with an error.\n    \n4. **Fetch Task**: Calls `getLastCreatedTask()` to fetch the last created task for the given list.\n    \n5. **Response**: Sends a JSON response containing the last created task or an error message.\n    \n\n#### Security:\n\n- **Session-based Authentication**: Validates the user through PHP sessions.\n    \n- **Database Prepared Statements**: Uses prepared statements to prevent SQL injection.\n    \n\nThis endpoint is useful for apps that allow task management within lists. Users might want to quickly access the last task they created within a list, and this API provides that functionality."
			},
			"response": []
		},
		{
			"name": "Delete Temps",
			"request": {
				"method": "DELETE",
				"header": [],
				"url": {
					"raw": "localhost/toDoListApp/todoListApp/API/deleteTempAcc.php",
					"host": [
						"localhost"
					],
					"path": [
						"toDoListApp",
						"todoListApp",
						"API",
						"deleteTempAcc.php"
					]
				},
				"description": "This API endpoint deletes all temporary users and their associated tasks and lists.\n\n#### Success Response:\n\n- **'success: Deleted.'**: Successfully deletes all temporary users along with their tasks and lists.\n    \n\n#### Error Responses:\n\n- **'Not deleted, error occurred.'**: Failed to delete all temporary users.\n    \n\n#### Logic Explained:\n\n1. **Session Start**: Initializes a new session or resumes the existing one.\n2. **User Class Initialization**: Instantiates the `UserWithSettings` class to manipulate user data.\n3. **Transactional Processing**: The API begins a SQL transaction to ensure all the deletions are atomic. This is critical for maintaining data integrity.\n4. **Fetch Temporary Users**: Executes SQL query to get all temporary users (where `isTemporary=1`).\n5. **Delete Process**: For each temporary user, the tasks, lists, and the user account are deleted in a loop.\n6. **Commit/Rollback**: If all deletions are successful, commits the transaction; otherwise, rolls it back.\n7. **Response**: Sends a JSON response indicating whether the operation was successful or not.\n    \n\n#### Security:\n\n- **Transaction**: The use of transactions ensures atomicity, thereby maintaining data integrity.\n- **Prepared Statements**: Utilized for SQL queries to prevent SQL injection.\n    \n\n#### Use Case:\n\nThis endpoint is useful for cleaning up temporary or demo accounts, which could be important for maintaining the integrity and performance of the system. This could potentially be triggered by a cron job or an admin action."
			},
			"response": []
		},
		{
			"name": "Delete Task Perma",
			"request": {
				"method": "DELETE",
				"header": [],
				"body": {
					"mode": "raw",
					"raw": "{\r\n    \"taskID\" : \"100\"\r\n}"
				},
				"url": {
					"raw": "localhost/toDoListApp/todoListApp/API/Tasks/deleteTask2.php",
					"host": [
						"localhost"
					],
					"path": [
						"toDoListApp",
						"todoListApp",
						"API",
						"Tasks",
						"deleteTask2.php"
					]
				},
				"description": "This API endpoint deletes a specific task from a user's task list.\n\n#### Success Response:\n\n- **'success: Task deleted successfully.'**: Successfully deletes the specified task from the list.\n    \n\n#### Error Responses:\n\n- **'User not logged in.'**: User not authenticated.\n    \n- **'Invalid taskID. It should be a positive integer.'**: Invalid or missing task ID.\n    \n- **'No list currently accessed.'**: No list is being accessed in the current session.\n    \n- **'The specified list does not belong to this user.'**: The user doesn't own the list they're trying to access.\n    \n- **'The specified task does not belong to this list.'**: The task doesn't belong to the given list.\n    \n- **'Failed to delete task.'**: The deletion operation failed for some reason.\n    \n\n#### Logic Explained:\n\n1. **Session Start**: Initializes a new session or resumes the existing one.\n    \n2. **Authentication**: Checks if the user is logged in; otherwise, sends an error response.\n    \n3. **Activity Update**: Updates the last activity time for the session.\n    \n4. **Task ID Validation**: Validates the task ID to ensure it's a positive integer.\n    \n5. **List Existence**: Validates whether the list exists and belongs to the logged-in user.\n    \n6. **Task Ownership**: Validates that the task belongs to the specific list owned by the user.\n    \n7. **Deletion**: Attempts to delete the task. Sends a success response if successful, or an error response otherwise.\n    \n\n#### Security:\n\n- **Authentication**: Ensures only authenticated users can delete tasks.\n    \n- **Task Ownership**: Validates that the task being deleted actually belongs to the list owned by the user.\n    \n- **Prepared Statements**: Utilized for SQL queries to prevent SQL injection.\n    \n\n#### Use Case:\n\nUsed in tutorial to delete a task that was created merely for demonstration purposes."
			},
			"response": []
		}
	]
}